,percision,recall,F-meausre,accuracy,macro f1,weighted f1
0,0.7049180327868853,0.7818181818181819,0.7413793103448276,0.7576923076923077,0.6670419226412172,0.7536592940004941
1,0.9186991869918699,0.904,0.9112903225806451,,,
2,0.4666666666666667,0.4666666666666667,0.4666666666666667,,,
3,0.6153846153846154,0.5333333333333333,0.5714285714285715,,,
4,0.5625,0.54,0.5510204081632654,,,
5,0.6521739130434783,0.8181818181818182,0.7258064516129032,,,
6,0.5,0.2,0.28571428571428575,,,
7,0.9166666666666666,0.7333333333333333,0.8148148148148148,,,
8,0.8113207547169812,0.86,0.8349514563106797,,,
9,0.7833333333333333,0.752,0.7673469387755101,,,
